Received,Revised,Accepted,Published,Issue Date
2023-12-18,,2024-04-24,2024-05-17,2024-12
2023-08-08,2024-03-14,2024-06-03,2024-07-04,2024-12
2023-12-19,2024-06-03,2024-06-07,2024-07-16,2024-12
2023-10-04,2024-06-24,2024-07-28,2024-08-13,2024-12
2023-10-31,2024-01-29,2024-04-24,2024-05-18,2024-12
2023-12-30,2024-04-14,2024-07-31,2024-09-21,2024-12
2022-05-10,2024-07-23,2024-07-25,2024-08-26,2024-12
2023-06-23,2024-08-10,2024-08-23,2024-09-21,2024-12
2023-07-14,2024-05-30,2024-08-29,2024-10-04,2024-12
2024-03-27,2024-05-24,2024-05-27,2024-06-16,2024-10
2023-07-03,2024-06-10,2024-06-11,2024-06-29,2024-10
2023-08-02,2024-07-11,2024-07-17,2024-07-27,2024-10
2022-07-09,2024-02-12,2024-05-22,2024-08-03,2024-10
2023-09-26,2024-07-12,2024-07-17,2024-08-03,2024-10
2024-07-25,2024-07-25,2024-07-25,2024-08-09,2024-09
2023-03-31,2024-05-03,2024-05-31,2024-07-16,2024-09
2023-03-31,2024-07-22,2024-07-24,2024-08-03,2024-09
2023-04-29,2024-05-30,2024-07-04,2024-07-23,2024-09
2023-03-31,2023-08-31,2024-01-03,2024-02-19,2024-06
2023-03-19,2023-11-19,2024-02-27,2024-03-14,2024-06
2023-08-21,2024-02-25,2024-03-06,2024-04-02,2024-06
2023-06-07,2024-05-09,2024-05-10,2024-05-30,2024-06
2023-12-06,2024-04-29,2024-05-14,2024-06-03,2024-06
,,,2024-05-11,2024-04
2023-03-22,2023-08-31,2023-09-08,2023-09-26,2024-04
2023-03-30,2024-01-20,2024-01-23,2024-03-02,2024-04
2023-01-16,2024-03-08,2024-03-10,2024-04-02,2024-04
2022-07-12,2024-02-11,2024-02-13,2024-03-22,2024-04
2023-01-31,2023-11-30,2023-12-25,2024-02-04,2024-02
2023-09-30,2023-11-09,2023-11-10,2023-12-14,2024-02
2023-02-14,2023-10-17,2023-11-07,2023-12-16,2024-02
2021-10-30,2023-11-25,2023-11-27,2024-01-05,2024-02
2023-03-28,2023-08-20,2023-09-01,2023-10-07,2023-12
2022-11-04,2023-09-22,2023-09-25,2023-10-17,2023-12
2022-07-18,2023-06-13,2023-09-20,2023-10-24,2023-12
2023-07-17,2023-07-27,2023-07-27,2023-08-17,2023-12
2023-08-02,2023-10-30,2023-11-04,2023-11-15,2023-12
2022-12-14,2023-09-05,2023-10-31,2023-11-21,2023-12
2023-10-01,2023-10-03,2023-10-03,2023-10-13,2023-10
2023-03-10,2023-03-10,2023-07-05,2023-08-16,2023-10
2022-11-28,2023-04-19,2023-07-19,2023-08-02,2023-10
2023-01-23,2023-08-18,2023-08-23,2023-09-13,2023-10
2022-11-10,2023-03-10,2023-05-30,2023-06-19,2023-10
2022-11-02,2023-04-09,2023-06-19,2023-07-04,2023-10
2023-02-17,2023-08-23,2023-08-28,2023-09-10,2023-10
2023-05-29,2023-05-30,2023-05-30,2023-06-13,2023-08
2022-11-09,2023-07-05,2023-07-07,2023-07-26,2023-08
2022-10-16,2023-05-18,2023-06-06,2023-06-22,2023-08
2023-02-18,2023-08-12,2023-08-17,2023-09-04,2023-08
2022-12-19,2023-08-08,2023-08-17,2023-09-01,2023-08
